{
  "user_api": {
    "get": "/v1/user/",
    "validate": "/v1/user/validate",
    "password":"/v1/user/changepassword/"
  },
  "controller_api": {
    "cluster": "/v1/cluster/",
    "host": "/v1/host/",
    "flavor": "/v1/flavor",
    "validateCluster": "/v1/cluster/validate",
    "keypair":"/v1/pubkey/",
    "smtp":"/v1/smtp/",
    "provider":"/v1/provider/",
    "log":"/v1/logs"
  },
  "login_api": {
    "login": "/v1/user/login"
  },
  "dcosclient_api":{
    "framework": "/v1/framework",
    "appset":"/v1/appsets",
    "monitor":"/v1/monitors",
    "component":"/v1/components",
    "network":"/v1/network"
  }
}